,Term,frequency,Reff
0,DD,34,"[0, 16, 60, 68, 82, 84, 85, 109, 122, 131, 137, 153, 159, 163, 171, 177, 180, 199, 200, 206, 226, 229, 238]"
1,BB,111,"[1, 4, 7, 8, 9, 11, 13, 15, 16, 21, 22, 25, 28, 30, 34, 36, 38, 43, 46, 47, 59, 60, 62, 78, 83, 89, 107, 111, 168, 171, 173, 182, 192, 195, 198, 203, 204, 214, 219, 240, 243]"
2,AMC,65,"[1, 4, 9, 13, 16, 20, 24, 26, 29, 45, 56, 60, 62, 69, 75, 82, 83, 89, 105, 107, 113, 114, 119, 120, 130, 147, 150, 163, 165, 171, 173, 176, 180, 191, 193, 195, 196, 203, 241, 243]"
3,GME,46,"[1, 4, 9, 16, 20, 28, 31, 40, 57, 60, 82, 83, 89, 102, 107, 111, 142, 147, 163, 171, 173, 180, 193, 196, 242, 243]"
4,K,19,"[2, 13, 62, 84, 97, 100, 140, 154, 169, 177, 218, 234]"
5,CLOV,154,"[3, 5, 8, 12, 16, 18, 19, 20, 23, 24, 32, 40, 42, 43, 44, 46, 48, 49, 50, 51, 52, 54, 55, 58, 61, 65, 66, 70, 72, 75, 79, 80, 83, 88, 89, 123, 128, 146, 163, 180, 193, 203, 226]"
6,OG,2,"[4, 200]"
7,ALL,3,"[7, 12, 178]"
8,GAIN,1,[12]
9,PLTR,4,"[16, 74, 177]"
10,SI,3,"[16, 163, 180]"
11,TRUE,1,[24]
12,CLNE,42,"[27, 43, 67, 80, 84, 98, 110, 125, 162, 188, 199, 206, 223]"
13,SHO,3,[31]
14,T,3,"[31, 226]"
15,SPCE,4,"[33, 39, 76, 161]"
16,X,4,"[33, 191]"
17,NEW,1,[33]
18,MAN,1,[40]
19,Y,1,[42]
20,SNDL,6,"[43, 112, 203, 224, 227]"
21,GOOD,1,[45]
22,SP,3,"[47, 159]"
23,TSLA,1,[60]
24,CCIV,1,[60]
25,NOW,1,[67]
26,EDIT,6,"[67, 242]"
27,WEN,4,"[68, 133, 229]"
28,NEE,1,[68]
29,MC,3,"[75, 225]"
30,RIDE,1,[75]
31,OR,1,[75]
32,RKT,7,[77]
33,D,4,"[77, 168, 226]"
34,UWMC,5,"[81, 231]"
35,M,46,"[81, 116, 157, 180, 192, 194, 207, 213, 225, 226, 235]"
36,MVIS,2,"[82, 243]"
37,WKHS,13,"[83, 100, 122, 185, 215]"
38,BP,1,[84]
39,UPS,2,"[84, 110]"
40,CRSR,6,"[85, 162, 223]"
41,AM,2,"[85, 233]"
42,TTM,1,[85]
43,ATH,5,"[85, 150, 189, 200]"
44,TV,1,[86]
45,DNMR,12,[89]
46,TLRY,2,"[92, 203]"
47,FOMO,4,"[101, 196, 243]"
48,BNGO,3,"[104, 243]"
49,RNG,12,"[110, 206]"
50,AMZN,3,"[110, 121]"
51,BE,1,[110]
52,PLUG,6,"[110, 140, 157]"
53,TA,4,"[114, 140, 154, 185]"
54,RSI,6,"[114, 140, 168, 185]"
55,NOK,7,"[115, 124, 137]"
56,G,16,"[115, 124, 137, 171, 203]"
57,IDEX,3,"[116, 127]"
58,JP,1,[120]
59,IBKR,2,[123]
60,CASH,1,[128]
61,VERY,1,[128]
62,PT,1,[129]
63,TELL,11,"[131, 225]"
64,LNG,35,"[131, 225]"
65,SA,1,[131]
66,FCF,1,[131]
67,ATOS,3,[134]
68,USA,1,[134]
69,L,27,"[135, 177]"
70,SEE,1,[137]
71,MA,29,"[140, 180]"
72,BYD,1,[145]
73,PSA,1,[149]
74,XL,2,[150]
75,UBS,1,[150]
76,DTE,5,[154]
77,FSR,1,[155]
78,FCEL,7,[157]
79,ASO,10,"[159, 181, 243]"
80,EFT,2,"[162, 223]"
81,AI,12,"[163, 180, 226]"
82,TD,1,[165]
83,BIIB,11,"[167, 174, 189, 212, 216]"
84,NVDA,3,[169]
85,BIG,1,[171]
86,CHPT,18,"[177, 234]"
87,GE,1,[177]
88,GM,4,"[177, 192, 215]"
89,BLNK,1,[177]
90,EM,3,[177]
91,UK,3,"[177, 191, 213]"
92,SAVA,1,[178]
93,MSCI,2,[180]
94,CMS,3,[180]
95,OSH,8,[180]
96,AGL,8,[180]
97,ICD,1,[180]
98,OPEN,1,[180]
99,FOR,1,[180]
100,HUGE,2,"[180, 206]"
101,VST,9,[183]
102,C,4,"[185, 215, 226]"
103,NET,2,[190]
104,CHWY,9,[192]
105,YY,8,[192]
106,VSAT,1,[194]
107,GB,2,[194]
108,WELL,3,"[199, 207]"
109,OI,1,[199]
110,IR,1,[199]
111,FUBO,3,[200]
112,PLAY,1,[206]
113,GOLD,2,[208]
114,DOW,1,[208]
115,REAL,1,[208]
116,LLY,1,[209]
117,BNTX,1,[210]
118,NVAX,4,[213]
119,MRNA,1,[213]
120,GL,1,[213]
121,MO,1,[215]
122,CCL,1,[218]
123,VS,1,[222]
124,TX,1,[225]
125,HEXO,2,[232]
126,IIPR,1,[232]
127,CGC,2,[232]
128,GPS,3,[233]
129,MT,1,[233]
130,ET,1,[233]
131,FIGS,15,[235]
132,EA,2,[236]
133,E,3,[236]
134,SOFI,1,[237]
135,WDC,1,[238]
136,SE,1,[238]
137,SO,1,[241]
138,TW,1,[242]
139,RNA,2,[242]
